{
  "web": {
    "client_id": "481041955063-889978klckl8ukehco8mmja0haomdmv4.apps.googleusercontent.com",
    "project_id": "apac-ind-gen-dev",
    "auth_uri": "https://accounts.google.com/o/oauth2/auth",
    "token_uri": "https://oauth2.googleapis.com/token",
    "auth_provider_x509_cert_url": "https://www.googleapis.com/oauth2/v1/certs",
    "client_secret": "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",
    "redirect_uris": [
      "http://localhost:8081/",
      "http://localhost:8080/",
      "http://localhost/"
    ]
  }
}
